"x","y","location"
-640492.951858974,6375688.79692904,"extension buffer"
-547928.191610256,6195943.14594185,"extension buffer"
-427778.216551264,6044537.70837692,"extension buffer"
-270233.910864102,5927662.61700079,"extension buffer"
-85104.3903666665,5865739.59400389,"extension buffer"
100025.130130769,5845320.66687895,"extension buffer"
192589.890379487,5856099.59180747,"extension buffer"
562848.931374359,5982741.63989008,"extension buffer"
665796.376503687,6044537.70837692,"extension buffer"
772300.880920996,6144465.70546154,"extension buffer"
840543.212120513,6244956.81147381,"extension buffer"
920189.184003731,6444249.69671538,"extension buffer"
1028560.93820995,6843961.68505385,"extension buffer"
1079126.02316495,6943889.68213846,"extension buffer"
1210802.25311538,7100991.20224607,"extension buffer"
1488496.53386154,7296888.55611294,"extension buffer"
1664612.4654247,7543457.66464615,"extension buffer"
1719392.32682506,7743313.65881538,"extension buffer"
1720891.32141793,7843241.6559,"extension buffer"
1682175.94999608,8043097.65006923,"extension buffer"
1581061.29411026,8253099.75688976,"extension buffer"
1488496.53386154,8351431.61072867,"extension buffer"
1303367.0133641,8464501.02306824,"extension buffer"
1118237.49286667,8521056.86853492,"extension buffer"
933107.972369231,8542114.21917785,"extension buffer"
747978.451871795,8518118.23705254,"extension buffer"
562848.931374359,8451649.18822382,"extension buffer"
252646.751425657,8242953.64423846,"extension buffer"
7460.36988205137,8015976.47062194,"extension buffer"
-122100.617463205,7843241.6559,"extension buffer"
-283289.290533368,7543457.66464615,"extension buffer"
-526401.792589874,7243673.67339231,"extension buffer"
-582609.06332539,7143745.67630769,"extension buffer"
-654888.902223785,6943889.68213846,"extension buffer"
-687919.570952542,6644105.69088462,"extension buffer"
-685567.29588083,6544177.6938,"extension buffer"
-164598.1467,6543567.00303875,"extension buffer"
-123315.437733333,6459505.75477302,"extension buffer"
-67097.2960924338,6391051.56910769,"extension buffer"
-40750.0198,6372063.80289664,"extension buffer"
41815.3981333333,6348761.01418787,"extension buffer"
83098.1071,6345185.50617277,"extension buffer"
124380.816066667,6356367.91331983,"extension buffer"
206946.234,6406850.24878926,"extension buffer"
289511.651933333,6428861.1750019,"extension buffer"
330794.3609,6429004.77847653,"extension buffer"
372077.069866667,6448931.20321282,"extension buffer"
402520.840791155,6488343.46071282,"extension buffer"
471640.791143218,6682927.24392308,"extension buffer"
491622.20692649,6780219.1355282,"extension buffer"
491515.586939461,6828865.08133077,"extension buffer"
468853.165714131,6926156.9729359,"extension buffer"
481962.976152579,6974802.91873846,"extension buffer"
523696.84515725,7023448.86454103,"extension buffer"
551680.089953334,7072094.81034359,"extension buffer"
577430.512615368,7218032.64775128,"extension buffer"
661056.032633333,7404510.83369838,"extension buffer"
702338.7416,7449397.34739953,"extension buffer"
784904.159533333,7505236.12982531,"extension buffer"
826186.8685,7522512.6906205,"extension buffer"
908752.286433333,7532441.27229913,"extension buffer"
950034.9954,7546740.88890782,"extension buffer"
1032600.41333333,7604378.33271218,"extension buffer"
1073883.1223,7613820.20845988,"extension buffer"
1140020.97623916,7655846.15997436,"extension buffer"
1210942.89471336,7753138.05157949,"extension buffer"
1221577.66265037,7801783.99738205,"extension buffer"
1204540.30512555,7899075.88898718,"extension buffer"
1183036.82394333,7947721.83478974,"extension buffer"
1156448.54023333,7975191.47666747,"extension buffer"
1115165.83126667,8001082.479606,"extension buffer"
991317.704366667,8037815.93255832,"extension buffer"
950034.9954,8042254.87917916,"extension buffer"
826186.8685,8023598.03077496,"extension buffer"
784904.159533333,8003388.9068641,"extension buffer"
661056.032633333,7912467.11453829,"extension buffer"
619773.323666667,7893473.11344455,"extension buffer"
444189.124050653,7753138.05157949,"extension buffer"
413359.778833333,7722679.21086024,"extension buffer"
289319.393003223,7558554.26836923,"extension buffer"
262320.689832266,7509908.32256667,"extension buffer"
204783.998376439,7266678.59355385,"extension buffer"
165663.525033333,7213559.85549686,"extension buffer"
-64440.5587001061,7023448.86454103,"extension buffer"
-132945.850109175,6926156.9729359,"extension buffer"
-169493.510168937,6828865.08133077,"extension buffer"
-186781.533352431,6634281.29812051,"extension buffer"
-186258.919031664,6585635.35231795,"extension buffer"
50611.4831666136,7118504.36001894,"extension buffer"
531981.22385866,7823305.58251202,"extension buffer"
351339.585918278,7640616.73961474,"extension buffer"
233552.344104353,7388293.45806026,"extension buffer"
-178137.521760684,6731573.18972564,"extension buffer"
437080.815967186,6585635.35231795,"extension buffer"
619243.272624351,7311271.74072483,"extension buffer"
564555.301284351,7145063.72904744,"extension buffer"
1053241.76781667,8019449.20608216,"extension buffer"
888110.93195,8032926.45497706,"extension buffer"
247936.516968309,7449100.89031346,"extension buffer"
722980.096083333,7957928.01070119,"extension buffer"
108137.504099973,7166032.1077579,"extension buffer"
-6914.53776674624,7070976.61227999,"extension buffer"
1175481.93547626,7704492.10577692,"extension buffer"
640149.652628842,7357891.2872116,"extension buffer"
-98693.2044046405,6974802.91873846,"extension buffer"
480184.376326796,6877511.02713333,"extension buffer"
219168.171240396,7327486.02580705,"extension buffer"
-173815.51596481,6780219.1355282,"extension buffer"
991317.704366667,7575559.61081,"extension buffer"
532.689166666649,6360412.40854226,"extension buffer"
743621.450566667,7477316.73861242,"extension buffer"
488085.173954657,7788221.81704575,"extension buffer"
575877.273762663,7858389.34797828,"extension buffer"
481631.499034854,6731573.18972564,"extension buffer"
419800.828379171,6536989.40651539,"extension buffer"
-151219.680139056,6877511.02713333,"extension buffer"
382349.682375806,7681647.97523749,"extension buffer"
165663.525033333,6381609.08105454,"extension buffer"
454360.803555202,6634281.29812051,"extension buffer"
320329.48946075,7599585.50399198,"extension buffer"
598336.892619859,7264652.19423806,"extension buffer"
867469.577466667,7527476.98145981,"extension buffer"
1213058.98388796,7850429.94318462,"extension buffer"
-182459.527556557,6682927.24392308,"extension buffer"
-143956.792216667,6501536.37890588,"extension buffer"
-35677.5482334262,7047212.73841051,"extension buffer"
248228.942966667,6417855.71189558,"extension buffer"
-95206.3669128836,6425278.66194035,"extension buffer"
211976.084808417,7297082.30968045,"extension buffer"
255128.603400288,7479504.60644006,"extension buffer"
681697.387116667,7426954.09054895,"extension buffer"
692018.064358333,7935197.56261974,"extension buffer"
570992.906949859,7181548.18839936,"extension buffer"
558117.695618842,7108579.26969551,"extension buffer"
1157751.45585771,7680169.13287564,"extension buffer"
919072.963675,8037590.66707811,"extension buffer"
1106952.04926958,7634833.18421712,"extension buffer"
753942.127808333,7980658.45878264,"extension buffer"
79374.4936332935,7142268.23388842,"extension buffer"
136900.514566653,7189795.98162738,"extension buffer"
21848.4726999337,7094740.48614946,"extension buffer"
226360.257672374,7357889.74193365,"extension buffer"
-115819.527256908,6950479.94583718,"extension buffer"
1084203.79954167,8010265.84284408,"extension buffer"
185223.761704886,7240119.22452535,"extension buffer"
1208799.64450675,7874752.9160859,"extension buffer"
970676.349883333,7561150.24985891,"extension buffer"
1022279.73609167,8028632.56932024,"extension buffer"
1011959.05885,7589968.97176109,"extension buffer"
502829.910654915,6999125.89163974,"extension buffer"
1217318.32326916,7826106.97028333,"extension buffer"
463000.79734921,6658604.2710218,"extension buffer"
275820.041417744,7534231.29546795,"extension buffer"
-81566.8815523733,6999125.89163974,"extension buffer"
857148.900225,8028262.24287601,"extension buffer"
240744.430536331,7418697.17418686,"extension buffer"
476636.145089036,6707250.21682436,"extension buffer"
1193212.41509481,7728815.0786782,"extension buffer"
553929.248810662,7840847.46524515,"extension buffer"
805545.514016667,7513874.4102229,"extension buffer"
145022.17055,6368988.49718719,"extension buffer"
-171654.513066873,6804542.10842949,"extension buffer"
537688.467555292,7047771.83744231,"extension buffer"
366844.634147042,7661132.35742611,"extension buffer"
466137.149002655,7770679.93431262,"extension buffer"
510033.198906658,7805763.69977889,"extension buffer"
597825.298714665,7875931.23071142,"extension buffer"
-186520.226192047,6609958.32521923,"extension buffer"
397854.73060457,7702163.59304886,"extension buffer"
411160.834585163,6512666.4336141,"extension buffer"
304824.441231987,7579069.88618061,"extension buffer"
722980.096083333,7463357.04300598,"extension buffer"
1193788.56453444,7923398.86188846,"extension buffer"
970676.349883333,8040035.40586874,"extension buffer"
-142082.765124115,6901834.00003462,"extension buffer"
-160356.595153996,6853188.05423205,"extension buffer"
1123486.51275437,7645339.67209574,"extension buffer"
428440.822173179,6561312.37941667,"extension buffer"
445720.809761194,6609958.32521923,"extension buffer"
335834.537689514,7620101.12180336,"extension buffer"
587883.702617614,7241342.42099467,"extension buffer"
650602.842631088,7381201.06045499,"extension buffer"
629696.462626596,7334581.51396821,"extension buffer"
608790.082622105,7287961.96748144,"extension buffer"
1135807.18575,7988136.97813674,"extension buffer"
351435.715383333,6438967.99084468,"extension buffer"
475408.070933355,6950479.94583718,"extension buffer"
360333.878913608,6804254.47344391,"inside region"
890816.727417474,7650961.86321951,"inside region"
-2699.24859938004,6452636.27686835,"extension buffer"
958701.143519025,7928664.62325271,"inside region"
510945.050547261,7654738.50042333,"inside region"
344173.052913986,6985847.04952354,"inside region"
691655.907705157,7791599.33137539,"inside region"
1027769.8664394,7720470.05320206,"extension buffer"
407055.059437109,7461395.31214633,"inside region"
1095636.21982649,7889727.88503212,"inside region"
758937.523774856,7625245.19283894,"inside region"
188848.777765185,6640597.27712765,"inside region"
409451.728924605,7121539.1368493,"inside region"
576355.342844774,7523838.53527513,"inside region"
309818.174714529,6525189.42003109,"extension buffer"
851686.049907979,7919238.69938129,"inside region"
-85224.8828001707,6611046.56384242,"inside region"
45806.7784916348,6803498.11697183,"inside region"
81720.6477015478,6432064.77888192,"extension buffer"
286731.718479874,7165361.43730403,"inside region"
1124868.76236021,7797440.64562816,"extension buffer"
70519.5344814174,6569602.44851591,"inside region"
468448.447882471,7697752.03617121,"extension buffer"
549673.79817539,7735501.51808855,"extension buffer"
433524.978911701,7620748.56564201,"extension buffer"
910767.753488356,7593363.64744847,"extension buffer"
665155.210422043,7849197.54714642,"extension buffer"
767067.081786196,7861191.23367092,"inside region"
202883.044403756,6881757.54518806,"inside region"
423480.970708041,7291574.60953503,"inside region"
77687.7978357716,6968576.73093884,"inside region"
206806.851245946,7040839.65124748,"inside region"
330851.807374752,6665486.60507454,"inside region"
880553.108777019,7786457.02389243,"inside region"
523759.43278997,7386978.79565399,"inside region"
634298.268547921,7634585.06830534,"inside region"
240063.363878266,6758605.35050192,"inside region"
17098.7747705505,6682211.5361056,"inside region"
-65617.8920382434,6765831.02965587,"inside region"
179368.652835377,6522289.19880811,"extension buffer"
314945.928793086,7271980.96848591,"inside region"
1004132.87942221,7828182.55132242,"inside region"
-18394.8637333632,6901514.9799725,"inside region"
117759.153270583,6722426.48430972,"inside region"
340633.812785131,7376592.12791893,"inside region"
810272.760572837,7712997.05042074,"inside region"
673105.237879537,7543749.91821872,"extension buffer"
475097.298016109,7201719.36643375,"extension buffer"
324949.646929539,7078643.19402613,"inside region"
378449.04424533,6897382.03621155,"extension buffer"
138816.880556756,6813580.81502245,"inside region"
498058.20871103,7475392.22056098,"inside region"
720642.182221926,7706539.74484668,"inside region"
-19527.9265795954,6544570.66203256,"inside region"
368553.738735352,7200752.13276999,"inside region"
203000.89916542,7131193.47906812,"extension buffer"
529131.434535601,7295687.15090596,"extension buffer"
288543.446442065,6913420.55287429,"inside region"
115340.386483996,7052785.38417129,"extension buffer"
635202.400869444,7721282.79844735,"inside region"
502529.52850456,7568740.65198214,"inside region"
436286.359451487,7378517.96067239,"inside region"
64180.2942497228,6885567.54653009,"inside region"
-86182.9629445459,6849048.08876312,"extension buffer"
268604.918716423,6603093.48774999,"inside region"
395032.605484822,6724366.76322434,"extension buffer"
445678.439700638,7048156.74021057,"extension buffer"
926690.0874023,7853679.48007219,"inside region"
281528.772100624,6830618.86119397,"inside region"
426764.260640254,7539996.51277954,"inside region"
957792.152568302,7761563.54250244,"inside region"
89329.2441873803,6647501.32202717,"inside region"
222323.375173298,6960867.48767668,"inside region"
488900.754867921,7120792.45245448,"extension buffer"
-61954.8766952608,6686732.95533946,"inside region"
327491.862406108,7455298.91020991,"extension buffer"
770514.568871354,7781800.99016307,"inside region"
972336.297791339,7660017.11738515,"extension buffer"
148531.030626311,6937057.49508936,"inside region"
-331.76599526772,6977997.14108033,"extension buffer"
275199.617296477,7012618.1221699,"inside region"
566290.698388781,7605911.83708963,"inside region"
586581.345660221,7441372.31842148,"extension buffer"
606497.300335169,7795468.73379431,"extension buffer"
-91945.4954366372,6527079.26902763,"extension buffer"
405251.167788786,6651725.99741652,"extension buffer"
357876.358502895,6588200.01061188,"extension buffer"
245377.553283491,6488469.37098693,"extension buffer"
255382.587088365,6678531.89065476,"inside region"
832325.295919663,7599908.1179578,"extension buffer"
10727.3997033976,6610213.29903644,"inside region"
1103010.7761569,7725283.89924907,"extension buffer"
1023877.48330548,7897621.56863557,"inside region"
281967.607797073,7335538.47373667,"extension buffer"
321625.897203811,6739962.46164072,"inside region"
-22099.2301543835,6820735.21577258,"inside region"
354631.279236545,7524015.74863379,"extension buffer"
412044.560207381,6967556.05774389,"extension buffer"
141845.724329706,6584829.80666209,"inside region"
39193.3058476028,6507812.19487268,"inside region"
109709.872064965,6510897.89101111,"inside region"
154554.7838685,6455347.81059942,"extension buffer"
1066965.43743897,7952146.09951326,"extension buffer"
839047.318462632,7846962.28634449,"inside region"
878409.83873961,7718158.3637998,"inside region"
-126295.729200697,6665094.32971611,"extension buffer"
783939.888353419,7927295.40364115,"extension buffer"
641895.643719489,7482375.13619957,"extension buffer"
428205.386207001,6804403.23114834,"extension buffer"
49708.5875260404,7031609.41045943,"extension buffer"
263248.272705501,7103231.25185753,"inside region"
577941.331121272,7673265.97154933,"inside region"
232503.135216059,7205299.2807771,"extension buffer"
346332.167158618,7139847.4725454,"inside region"
1153280.39360246,7857213.61428844,"extension buffer"
187561.519156992,6711273.34008232,"inside region"
205298.036999907,6815298.07663595,"inside region"
901493.513433498,7965959.71951688,"extension buffer"
381259.321511846,7584465.31106566,"extension buffer"
694882.838828089,7606761.04735375,"inside region"
739842.532636315,7555953.3969681,"extension buffer"
1860.38729190239,6749859.21578935,"inside region"
1069009.85869121,7830520.41150067,"inside region"
379814.049545024,7041619.55237659,"extension buffer"
484268.859572943,7338851.11822893,"inside region"
127552.782352772,6876587.43904324,"inside region"
619550.325122267,7574577.17859516,"inside region"
567225.672696571,7343732.66183725,"extension buffer"
-62091.4933840527,6472151.7590873,"extension buffer"
131828.605471358,6994890.72257181,"inside region"
235322.911123403,6550172.28632283,"extension buffer"
62002.514482722,6745406.8326481,"inside region"
389195.28567554,7341039.04370797,"inside region"
712715.63023272,7884046.51823393,"extension buffer"
334377.779314534,6857629.11322724,"inside region"
289787.058213831,7407095.99965809,"extension buffer"
-115306.038350869,6727117.51144251,"extension buffer"
141875.436008241,7111325.53076173,"extension buffer"
1062358.76187048,7770260.5624419,"inside region"
-77075.1293061341,6907305.73912482,"extension buffer"
1040943.30418639,7662871.83743103,"extension buffer"
832577.851956368,7658651.97411295,"inside region"
476310.623367997,7421128.03069848,"inside region"
1005520.25239238,7974123.0414842,"extension buffer"
159675.22199985,6760752.83448471,"inside region"
33826.9225432103,6933110.32122364,"inside region"
683938.195965652,7662800.99452731,"inside region"
-118353.653263622,6799806.53136969,"extension buffer"
936252.770776073,7706663.76442018,"inside region"
373145.757674076,7259995.5585291,"inside region"
421596.703198881,7226440.39690937,"inside region"
260558.641878674,7254917.94841196,"extension buffer"
313711.752864412,7215264.70196069,"inside region"
825160.707348866,7792947.423114,"inside region"
365027.907088016,6529053.74814562,"extension buffer"
146000.104726376,6675166.60695997,"inside region"
521886.806932912,7237333.54548796,"extension buffer"
469160.5272795,7258061.88471709,"inside region"
31055.0003783367,6407650.61210887,"extension buffer"
16308.5540009774,6859448.74560806,"inside region"
370061.840590818,7421956.40017639,"inside region"
334731.844430605,7322581.90584356,"inside region"
827509.356014522,7968626.26423477,"extension buffer"
906345.11051517,7910878.20995447,"inside region"
976185.660379928,7873655.83343053,"inside region"
515790.861403266,7167019.67965227,"extension buffer"
1157416.09517281,7754909.17183747,"extension buffer"
414181.004179607,7174145.27763053,"inside region"
-37014.1432751804,6637644.44066144,"inside region"
424377.190167934,6862157.24125127,"extension buffer"
1009743.58750143,7769902.21132869,"inside region"
1133962.25025497,7926824.23215767,"extension buffer"
952151.038276146,7987319.16234779,"extension buffer"
-48771.465050381,6953581.39050319,"extension buffer"
-120043.537432593,6571580.79406428,"extension buffer"
89241.1590182772,6836865.55249997,"inside region"
494898.715739302,7068045.62520402,"extension buffer"
95270.5293594617,6785284.33116125,"inside region"
723242.270477449,7833026.19605347,"extension buffer"
792650.831911675,7564113.65942791,"extension buffer"
195823.668652637,6587026.79883014,"inside region"
767672.192853059,7679026.97418983,"inside region"
74281.1693275104,6696067.58636429,"inside region"
159801.53985315,7160137.18423311,"extension buffer"
273130.713253662,6961843.54268128,"inside region"
573268.528389709,7393273.073362,"extension buffer"
1091562.9020908,7674600.14399841,"extension buffer"
311670.292625414,6789754.75441581,"inside region"
99581.0946038849,6922410.60502677,"inside region"
689091.812193227,7496998.04848156,"extension buffer"
331819.538353313,6479607.94196918,"extension buffer"
127760.230452144,6413605.07974269,"extension buffer"
809292.392992657,7885618.84446996,"inside region"
955971.073260918,7812257.29867406,"inside region"
1173174.90852139,7800687.8561215,"extension buffer"
183443.444624464,6994815.21694417,"inside region"
197994.438669559,6477315.27962504,"extension buffer"
476468.862615131,7523207.63617449,"inside region"
526403.709271059,7524851.97185711,"inside region"
550454.669233966,7478759.65896714,"inside region"
184177.153443103,7085143.49855158,"inside region"
539616.75572478,7432139.25857531,"inside region"
424326.978062548,6909646.06941688,"extension buffer"
338370.830833649,6932726.29795395,"inside region"
624170.498825684,7526888.15159593,"inside region"
372415.385224887,7089818.56738675,"inside region"
321445.070905533,7029527.98780461,"inside region"
-32453.1655324507,6590321.83443417,"inside region"
238026.660842664,6849760.97573664,"inside region"
-139994.940567233,6617212.64401863,"extension buffer"
171207.793860335,6847332.92338291,"inside region"
23415.0720264951,6564571.6233922,"inside region"
-6961.06787632808,6499363.5921938,"inside region"
310823.755212942,7501599.62334369,"extension buffer"
439282.40166457,7495085.96169096,"inside region"
881377.313991049,7869779.82122476,"inside region"
490370.405856932,7740359.80652489,"extension buffer"
980917.849613425,7720815.13519102,"inside region"
94861.9423795673,7097351.81402302,"extension buffer"
159640.641555131,7035840.4518302,"inside region"
458526.630935341,7157252.29454453,"inside region"
841849.103754482,7748478.43111063,"inside region"
281593.579536873,7059556.16983869,"inside region"
239376.110731795,6914733.39333324,"inside region"
304000.539891465,7123331.18265458,"inside region"
957184.856761062,7612250.16412987,"extension buffer"
309801.774871816,6575034.21429335,"inside region"
311802.537921586,6622244.16937686,"inside region"
914202.879808093,7746990.08991927,"inside region"
240396.317303906,7159231.4651422,"extension buffer"
144892.507461451,6629953.61747576,"inside region"
297817.932634123,6699203.81048443,"inside region"
547547.419102261,7564791.31659897,"inside region"
448975.727980931,6763628.79862481,"extension buffer"
727305.36336393,7756279.1058734,"inside region"
679422.462782754,7743600.86484921,"inside region"
768995.755968346,7735034.28999552,"inside region"
380034.55621122,6846833.46583675,"extension buffer"
90132.1553978187,7011826.68900318,"extension buffer"
-39078.7792826172,6727426.19654174,"inside region"
619945.952125569,7848254.3467416,"extension buffer"
790683.714077398,7822446.801169,"inside region"
536682.945621993,7692063.67848051,"inside region"
532450.554611026,7777715.58830519,"extension buffer"
648329.148578234,7777083.87888813,"inside region"
396177.719004347,7507271.07670912,"inside region"
-29191.2468865306,6415876.18667911,"extension buffer"
616084.085083534,7407314.63588652,"extension buffer"
1109927.86756854,7847709.90249959,"inside region"
861865.180232063,7996954.57331918,"extension buffer"
235458.885591952,6636161.83762314,"inside region"
432762.157190246,7334622.32847002,"inside region"
414434.539707259,7417404.39934125,"inside region"
429250.569728905,7669108.31813262,"extension buffer"
443850.596350743,7001601.59509106,"extension buffer"
352772.866913954,6706011.51046254,"inside region"
426936.808794736,6691815.69054804,"extension buffer"
363885.635774679,6758317.71440251,"inside region"
57039.6337839865,6614077.71111718,"inside region"
100673.333891266,6603022.11796571,"inside region"
56989.741704934,7074985.92010107,"extension buffer"
287521.283112491,6473530.11134904,"extension buffer"
71520.9865018614,6388452.50852719,"extension buffer"
43978.9781693635,6460687.14185665,"inside region"
-71785.5307797345,6567718.29771927,"extension buffer"
4187.97137122554,7023937.87399724,"extension buffer"
590459.2577773,7716489.00709235,"inside region"
642543.551146148,7677852.66136544,"inside region"
482615.25474469,7614100.09474007,"inside region"
456584.28442379,7575620.42134843,"inside region"
365930.648175917,7475871.95225249,"inside region"
-42107.9714326367,6862127.58748625,"extension buffer"
-76165.8702993694,6807373.96147958,"extension buffer"
200283.054451283,7176068.63621051,"extension buffer"
728343.689460222,7657814.10742609,"inside region"
406027.754597984,6767428.64640344,"extension buffer"
572734.610060729,7300239.94457155,"extension buffer"
391262.092555864,7625842.12155686,"extension buffer"
448934.061061724,7095397.16798724,"inside region"
-128621.037038511,6841266.60455443,"extension buffer"
412016.0933923,7074209.01058815,"extension buffer"
227149.837104464,7079161.89141386,"inside region"
524922.200767628,7614800.94732046,"inside region"
-50475.3884939693,6514042.12723127,"extension buffer"
282860.428651842,6758103.01140494,"inside region"
110992.775644974,6466057.14446587,"inside region"
256384.35756645,7299179.30194279,"extension buffer"
892052.135654084,7828008.75388347,"inside region"
740978.744906156,7917773.65659542,"extension buffer"
381916.855274719,7382038.80378097,"inside region"
525512.917454025,7345274.40484257,"inside region"
247581.149954157,6802221.26093137,"inside region"
274188.079377646,6872938.71479117,"inside region"
597405.758249758,7484581.70327549,"extension buffer"
344031.864948381,7564774.40212025,"extension buffer"
468702.795525917,7653992.55053081,"extension buffer"
260903.470280258,6721090.24187707,"inside region"
480780.384775223,7023465.1163712,"extension buffer"
75399.9003171013,6487683.54391229,"inside region"
459938.631061957,7459179.48212503,"inside region"
482897.664658549,7380241.82589259,"inside region"
371949.688258243,7302343.35812719,"inside region"
585291.891164263,7758656.56836693,"extension buffer"
465237.562639475,7300602.83085583,"inside region"
333468.817003465,7179046.96545106,"inside region"
1037502.89946704,7803500.97089707,"inside region"
1007624.37516856,7637782.37185776,"extension buffer"
932593.180239333,7646336.97980442,"extension buffer"
1005655.22680918,7685106.58295841,"extension buffer"
654129.514653697,7597894.98575721,"inside region"
363408.382777895,6633502.46598414,"extension buffer"
399332.917209605,6608165.73611439,"extension buffer"
272474.547802618,7215439.48823982,"extension buffer"
372496.466350799,6955876.11157584,"extension buffer"
231697.737452199,7004177.71078987,"inside region"
196769.895217633,6925203.36583453,"inside region"
558918.772097167,7254331.64740072,"extension buffer"
680299.954765971,7703123.78348247,"inside region"
1035583.46500233,7856766.39332632,"inside region"
793349.758989575,7647256.50797231,"inside region"
403161.075110529,7007734.88377697,"extension buffer"
111085.631201341,6554250.06653264,"inside region"
842600.532964357,7560152.02209229,"extension buffer"
200230.074411707,6773184.45618533,"inside region"
-145947.334740948,6700561.54046829,"extension buffer"
388235.402852478,6561865.32334958,"extension buffer"
643406.240315857,7441457.26583996,"extension buffer"
52123.8179624826,6662587.78719596,"inside region"
-113641.79246244,6891150.16006132,"extension buffer"
330552.168452431,7415359.33019563,"extension buffer"
288098.686038715,7447264.65633302,"extension buffer"
922189.171637301,7787877.73212578,"inside region"
276592.421923854,6643371.44489838,"inside region"
566053.385452629,7800858.92889569,"extension buffer"
-86356.9550919798,6652815.03486601,"extension buffer"
-22930.9196933806,6675679.96008403,"inside region"
941632.759918283,7892956.32843319,"inside region"
-145033.890251005,6753147.02869617,"extension buffer"
549474.631125626,7645808.29126722,"inside region"
884047.16901079,7563753.10635391,"extension buffer"
802544.315143016,7757352.76725192,"inside region"
746943.454287128,7516885.50683737,"extension buffer"
872869.297974,7612490.73084651,"extension buffer"
1027599.19871782,7938967.85791394,"extension buffer"
387490.495159105,7545630.86830589,"extension buffer"
-11708.9592761036,6940310.04074423,"extension buffer"
40681.0651302945,6989876.13152786,"extension buffer"
-38098.5626221446,6992665.77071564,"extension buffer"
710002.454071397,7530257.54120726,"extension buffer"
276735.764064716,6550100.93514612,"inside region"
1066411.50347097,7706915.79364506,"extension buffer"
219098.836021661,6444195.22941271,"extension buffer"
792664.534491683,7603983.22566749,"extension buffer"
115835.027807177,6958943.25382517,"inside region"
164639.130308963,6898529.33587226,"inside region"
29933.3377972555,6720642.81071023,"inside region"
246500.119718381,7041008.04335929,"inside region"
730264.551007002,7794916.86705446,"inside region"
643227.206218496,7816294.12043291,"extension buffer"
1108140.52637984,7959796.19801489,"extension buffer"
212529.230532651,6676378.33532045,"inside region"
53048.3743023281,6849040.47698044,"inside region"
-77201.2469668373,6729454.36282915,"extension buffer"
789294.933961412,7965280.40482067,"extension buffer"
148193.471480617,7072294.36614088,"extension buffer"
377170.071906279,7163102.19931601,"inside region"
419519.96537604,7585136.94455682,"extension buffer"
1163153.10595817,7897439.32912179,"extension buffer"
19664.0008203506,6897564.66292054,"inside region"
600980.729196996,7364754.03150469,"extension buffer"
386524.074159972,6686130.72781194,"extension buffer"
1101791.89916404,7765042.14979243,"extension buffer"
1140866.04883113,7720533.54870712,"extension buffer"
142090.451077323,6531568.2271506,"inside region"
152571.199222708,6494152.78989852,"extension buffer"
324010.695844194,6895835.10078852,"inside region"
432669.208890086,6729344.80459147,"extension buffer"
845836.140962322,7695843.55972566,"inside region"
520507.175234196,7097672.05544235,"extension buffer"
304547.516133777,6985992.84741114,"inside region"
452751.095930361,6835034.11148942,"extension buffer"
-26708.3212230764,6779689.34156457,"inside region"
7910.9038619343,6796583.62405277,"inside region"
110207.311077474,6685845.87981293,"inside region"
170519.710379349,6420046.79629769,"extension buffer"
233754.076766934,6588085.00745944,"inside region"
-97394.6942619897,6488540.71542095,"extension buffer"
339327.98015736,7243078.84074187,"inside region"
541944.64548999,7205483.87330501,"extension buffer"
217618.212322186,6515616.5899777,"extension buffer"
274356.1311034,6512518.366187,"extension buffer"
864091.636167315,7955922.99656871,"extension buffer"
-128249.747516021,6535278.18911943,"extension buffer"
224849.344193903,6711573.31622746,"inside region"
604585.360327523,7610071.29104978,"inside region"
916909.625193295,8000148.9655542,"extension buffer"
2256.65744597584,6647243.93569099,"inside region"
172485.072205657,6797885.04611767,"inside region"
855691.123606085,7813890.87503915,"inside region"
847039.890980411,7882807.90486014,"inside region"
1086109.5484,7798136.0797924,"inside region"
169924.628055104,6559149.75244935,"inside region"
-104113.041132059,6763995.19579213,"extension buffer"
583037.558312335,7573446.41790944,"inside region"
1058862.10400016,7885540.88741809,"inside region"
995058.330004666,7921056.32191747,"inside region"
-5831.49419249308,6711228.12302886,"inside region"
301848.988779239,7369571.93361726,"extension buffer"
914919.189107649,7677683.52603961,"inside region"
732932.158353074,7595134.64970337,"inside region"
340818.467148628,6556132.00216742,"extension buffer"
261743.888679678,7365572.15474535,"extension buffer"
302674.430431332,7305948.15527392,"extension buffer"
328606.890251211,6821824.18005562,"inside region"
304854.452665472,6945276.62653262,"inside region"
319435.52720439,7537388.19256879,"extension buffer"
366123.992705371,6492443.14137109,"extension buffer"
1093058.69500918,7926337.77521759,"extension buffer"
179235.686599549,6957928.15692986,"inside region"
503970.730857117,7269184.34944682,"extension buffer"
151664.835760712,6710619.53577043,"inside region"
256723.589094408,6453563.12623261,"extension buffer"
73582.610157074,6529213.57673356,"inside region"
448394.672831339,6957759.90560717,"extension buffer"
591924.220834558,7827287.66631282,"extension buffer"
111292.636336135,7128145.50719268,"extension buffer"
521793.084626758,7132593.69954624,"extension buffer"
400222.40329865,6934791.12385045,"extension buffer"
33495.6873578219,6768762.49708336,"inside region"
12888.185339955,6531072.54802567,"inside region"
81498.6468592295,7045376.83714314,"extension buffer"
25984.3475600663,7057891.10660838,"extension buffer"
122328.699244386,6759513.12465343,"inside region"
672595.968332432,7466763.76227318,"extension buffer"
658391.487580285,7512609.42240794,"extension buffer"
1043109.2711374,7982332.36564061,"extension buffer"
583926.729984061,7638575.38037217,"inside region"
503543.638373499,7706638.72218599,"extension buffer"
987668.005065216,7797187.2166823,"inside region"
611247.945278589,7661397.07688863,"inside region"
881141.935847146,7683919.17806971,"inside region"
880434.914442744,7752277.7740666,"inside region"
925541.189611939,7940323.42667363,"extension buffer"
755638.654459961,7819294.12027117,"inside region"
768323.490298018,7896075.9816029,"extension buffer"
817310.996471516,7919046.12943587,"extension buffer"
1130473.77785634,7884135.50873113,"extension buffer"
801595.142170017,7680182.41242588,"inside region"
-97775.3906085916,6686766.90815987,"extension buffer"
-159964.981647921,6656413.72002964,"extension buffer"
394247.536665797,6814410.22368431,"extension buffer"
463370.115495099,6801374.52650692,"extension buffer"
704422.431860168,7569906.39049539,"extension buffer"
-153755.655595411,6575760.42847783,"extension buffer"
1123628.66435874,7689608.74166826,"extension buffer"
228365.826726909,7240379.54763693,"extension buffer"
765094.621585504,7584057.91556416,"extension buffer"
-81962.4826186241,6944831.47082312,"extension buffer"
1060166.90915581,7919177.6825548,"extension buffer"
508726.801532681,7199946.64585284,"extension buffer"
444739.223354922,7187711.24379236,"inside region"
-61690.2566373462,6424147.97415713,"extension buffer"
668610.742195352,7629426.69532812,"inside region"
67997.0655743482,6935706.83207094,"inside region"
172687.30622905,6611253.74362822,"inside region"
179321.923658454,6672628.86760929,"inside region"
204789.574798231,6848553.21229128,"inside region"
266861.871574093,7137368.5446437,"inside region"
235985.751052431,7123377.02760735,"extension buffer"
293889.394459813,7090411.33876468,"inside region"
205977.493189851,6739756.68234903,"inside region"
293832.599831271,7244068.8442577,"extension buffer"
354110.382022688,7018770.98068056,"inside region"
347074.913723841,7052381.82720299,"inside region"
413142.950173991,7040891.20298063,"extension buffer"
1136886.08474143,7828367.37715201,"extension buffer"
202633.38300306,6554731.05036683,"inside region"
942184.190203267,7579976.14851674,"extension buffer"
799263.156882632,7854246.3566605,"inside region"
924188.480966721,7820850.78590203,"inside region"
199219.274243815,7209614.15639568,"extension buffer"
769171.643712636,7541104.94106232,"extension buffer"
375771.263538574,7123382.06250158,"inside region"
617814.470242595,7764435.84952739,"extension buffer"
278633.628066409,6790887.74930877,"inside region"
973720.757522145,7960034.90590074,"extension buffer"
984300.135719582,8002821.1993935,"extension buffer"
-36721.2409254552,6449228.9256102,"extension buffer"
408585.962563768,7259411.14589802,"inside region"
242767.302249567,6882162.73715369,"inside region"
615327.00757742,7695587.67125883,"inside region"
333606.933552526,7109955.92869479,"inside region"
260563.111082257,7184979.78766335,"extension buffer"
973322.47993938,7840571.54568782,"inside region"
347023.731359444,7280448.55981582,"inside region"
282766.940724198,7279339.92605594,"extension buffer"
-57695.9703284739,6833854.47315534,"extension buffer"
447853.417830823,6885926.50436679,"extension buffer"
-110681.78195507,6631256.16952839,"extension buffer"
170024.528470094,7128685.27463355,"extension buffer"
509583.555129915,7417320.65736808,"inside region"
756980.695653161,7947253.50453964,"extension buffer"
497956.663878319,7308181.57395281,"extension buffer"
32012.6553746063,6634566.44980194,"inside region"
138736.219553213,6846076.58428129,"inside region"
94337.4645107854,6870286.84125643,"inside region"
133835.012238918,6908281.92117997,"inside region"
20056.2259330853,6482063.2491066,"inside region"
64309.7266795112,6777297.7869076,"inside region"
1181059.52592958,7835226.7501067,"extension buffer"
362992.263413942,7610778.82156508,"extension buffer"
1080257.90497251,7861040.99922989,"inside region"
185502.687142198,6448083.45153618,"extension buffer"
1073143.67314207,7739148.54162207,"extension buffer"
8835.76282598673,6828453.52784735,"inside region"
650962.165810694,7880045.5673792,"extension buffer"
689905.131828483,7825689.34441565,"extension buffer"
250717.31896512,7330346.87930067,"extension buffer"
-90530.4847234709,6457109.28304212,"extension buffer"
1076662.91619216,7645972.94813568,"extension buffer"
210035.26480616,6616116.45802285,"inside region"
120593.405815869,6655334.61452104,"inside region"
614970.164134949,7457221.12399691,"extension buffer"
315799.291431924,7152741.6107608,"inside region"
-13854.1177295819,6388398.94414808,"extension buffer"
374454.449825908,6994668.95077079,"extension buffer"
721503.082453799,7625805.6596994,"inside region"
696037.941420464,7856928.80863334,"extension buffer"
457727.825165228,7125704.79723036,"inside region"
460353.988800117,7358776.93070152,"inside region"
598943.548419781,7546049.87944702,"inside region"
305563.909143107,6870320.08619734,"inside region"
312673.109102466,6454683.8661307,"extension buffer"
444721.557616713,7430084.36717597,"inside region"
470907.09065601,7491914.75880211,"inside region"
94105.0643968476,6744165.80230402,"inside region"
681431.009045275,7888341.68559471,"extension buffer"
106293.157776159,6386154.19782742,"extension buffer"
642633.232368281,7552745.16240511,"inside region"
889184.686765781,7937121.13420726,"extension buffer"
1004290.16370212,7859603.83456664,"inside region"
-6603.99691153805,6572923.1741133,"inside region"
-31781.5482191026,6480196.92325993,"extension buffer"
975423.39027419,7690586.024454,"extension buffer"
43532.5911218425,6539846.2680882,"inside region"
814891.810897575,7625273.32717211,"extension buffer"
545530.501668485,7321809.48902978,"extension buffer"
596999.369306045,7333535.32913965,"extension buffer"
550963.968121379,7370854.9915112,"extension buffer"
859995.454216297,7641918.55003249,"extension buffer"
720178.199593503,7500656.79598124,"extension buffer"
235643.917182598,7274895.75789969,"extension buffer"
909090.960661212,7625037.28852941,"extension buffer"
914946.789117594,7562730.86836359,"extension buffer"
334387.930152579,6768405.5582704,"inside region"
424114.429207069,6626981.00041911,"extension buffer"
336487.344122055,7484687.84352102,"extension buffer"
2215.90825104366,6421167.98005811,"extension buffer"
293025.798947796,6729335.68003094,"inside region"
1184744.63782249,7771103.36080021,"extension buffer"
910585.433739285,7880168.83724692,"inside region"
431991.861219119,7142140.31254427,"inside region"
1036177.46373847,7751538.90083117,"inside region"
1083289.06152747,7978920.82724543,"extension buffer"
439009.477169875,7264852.6099926,"inside region"
489441.996391001,7675993.57707159,"extension buffer"
445688.436286984,7720788.90290869,"extension buffer"
861390.242235477,7584207.41092543,"extension buffer"
-113811.916118674,6601175.20419571,"extension buffer"
-46176.7409383114,6920200.83691851,"extension buffer"
130401.445959583,7025779.49945694,"inside region"
149492.974384519,6968663.77882523,"inside region"
364122.684928789,7357733.98916253,"inside region"
413981.662321589,7358219.42627966,"inside region"
407975.780544197,7317441.94589833,"inside region"
946146.929474025,7677037.85889631,"extension buffer"
525352.25681478,7460025.30085456,"inside region"
283668.959784294,7488805.81553191,"extension buffer"
27372.8133642231,6376549.92008328,"extension buffer"
44933.6875387369,6586128.12220725,"inside region"
298619.476508847,6666948.31073769,"inside region"
340007.964660604,6509982.96438665,"extension buffer"
520877.589126225,7748373.28801251,"extension buffer"
387577.920047303,7229077.22782356,"inside region"
402626.154592737,7202457.16128876,"inside region"
362604.701424331,6665246.09873318,"extension buffer"
361776.468552986,6871559.93152789,"extension buffer"
262464.819031102,7395316.6872533,"extension buffer"
247405.209180534,6978108.24043315,"inside region"
1124817.27744593,7745850.2346697,"extension buffer"
495871.2358499,7444778.68868826,"inside region"
986140.34779713,7604965.16547959,"extension buffer"
1036871.29656982,7633610.9023209,"extension buffer"
1034454.50114921,7691693.33990216,"extension buffer"
565362.051074535,7700333.2780208,"inside region"
908363.607384459,7717605.80023784,"inside region"
942092.043199706,7736048.0541016,"inside region"
-86386.4700919626,6878920.67593517,"extension buffer"
-104179.626325114,6919193.84397872,"extension buffer"
735488.680539497,7862149.00838847,"extension buffer"
454809.422767532,7228065.68335013,"inside region"
120205.592703992,7082009.14136475,"extension buffer"
45176.8140527367,6691257.30781253,"inside region"
-143735.91778308,6783362.56516553,"extension buffer"
-143923.581716279,6814335.80635023,"extension buffer"
-100828.700886578,6823486.78014764,"extension buffer"
489231.607795494,7231692.72429524,"extension buffer"
102115.966544584,6984963.28065056,"inside region"
367941.784595113,6925862.69388937,"extension buffer"
384015.201922771,6786876.87386383,"inside region"
-12427.2778835818,6871090.29298185,"inside region"
453856.280711726,7402117.00002425,"inside region"
1179073.69982857,7872207.49074239,"extension buffer"
-51969.7636967692,6890615.80278321,"extension buffer"
433253.712681143,6662488.66709835,"extension buffer"
137978.854406149,7140454.06426055,"extension buffer"
488937.861302959,7151705.38997145,"extension buffer"
248057.367092391,6944160.96558349,"inside region"
406101.294281564,6885882.35794102,"extension buffer"
423763.681104094,6833112.69501249,"extension buffer"
256261.179139734,7074605.96133537,"inside region"
-65349.0288120143,6539205.38529316,"extension buffer"
969192.728782444,7901716.25101736,"inside region"
876816.85679417,7900683.67941311,"inside region"
414824.330492172,7643464.43653676,"extension buffer"
674028.277844961,7574471.06479543,"inside region"
23410.7266506849,6440596.48920298,"extension buffer"
51928.3640795595,6431974.8533085,"extension buffer"
208439.789997585,7102097.97593645,"extension buffer"
256063.594047749,6570019.35891483,"inside region"
325248.135813314,7350945.81824424,"extension buffer"
649819.065042182,7747288.86799801,"inside region"
340790.119510773,6613275.45866885,"extension buffer"
355227.471653568,6832464.23731257,"inside region"
48216.1849225959,6960169.60533755,"inside region"
-42747.5396543605,6562712.20241507,"inside region"
708309.686445191,7679619.02399371,"inside region"
545234.435736303,7167283.03552388,"extension buffer"
1019644.59150465,7999611.5731855,"extension buffer"
502031.064891323,7505967.67966507,"inside region"
986175.136082199,7750735.1682848,"inside region"
532851.17183386,7266961.09504026,"extension buffer"
246456.090059536,6522654.80193946,"extension buffer"
177312.428067488,6738095.03226093,"inside region"
142138.097307503,6737848.34084522,"inside region"
146487.972010324,6786077.83822574,"inside region"
979717.035355949,7632611.17663387,"extension buffer"
293003.56187008,7194215.55133798,"extension buffer"
340735.942891777,7206508.92687583,"inside region"
-61165.2667979592,6594760.84949955,"inside region"
-52735.2390349203,6791212.56659824,"inside region"
324286.190508636,6965782.37874968,"inside region"
391228.538931792,7281697.07848436,"inside region"
13667.7864442727,6953210.02201398,"inside region"
46235.6618411215,6907571.75660967,"inside region"
866461.40083136,7840035.07660302,"inside region"
307039.085852053,6495747.43232366,"extension buffer"
557047.813525064,7763130.65638286,"extension buffer"
752707.933983437,7707399.90618571,"inside region"
781608.528594472,7708983.02151039,"inside region"
-62445.5504185531,6978314.85141756,"extension buffer"
476727.376137443,7553284.05124926,"inside region"
502156.028708317,7540099.70462931,"inside region"
-114734.485005259,6510647.01751551,"extension buffer"
116388.562004634,6626986.84702449,"inside region"
83188.9933260635,6460400.18827847,"inside region"
363333.470917021,7329374.15384125,"inside region"
740976.058002938,7889690.66737156,"extension buffer"
425736.621984978,7697208.26954276,"extension buffer"
820879.348517439,7822840.58913494,"inside region"
851419.659444039,7777436.00539667,"inside region"
796431.564527877,7794267.57710266,"inside region"
221261.103765348,6792015.32747319,"inside region"
528693.929021509,7496725.95850403,"inside region"
698867.113057196,7723774.34815766,"inside region"
263605.108879405,6900794.19799026,"inside region"
326347.525685061,6694114.40864391,"inside region"
392208.565688577,6534442.04916636,"extension buffer"
268440.755746243,7426318.58140773,"extension buffer"
740294.898160235,7682720.46740589,"inside region"
610934.642531347,7736584.0774884,"inside region"
711864.776674189,7913465.24678451,"extension buffer"
307172.474017171,7474134.58495996,"extension buffer"
889778.514044935,7991812.30082477,"extension buffer"
506337.972401436,7365357.24198106,"inside region"
741506.811446772,7732619.14217392,"inside region"
181375.169014141,7055780.92183802,"inside region"
128347.778733531,6442698.97746676,"extension buffer"
-47551.2010063831,6663170.96735971,"inside region"
-17927.2460790831,6615602.94804464,"inside region"
-60024.6465635822,6622360.9708265,"inside region"
1095829.19576153,7823974.96773559,"inside region"
657561.61332352,7654707.89599119,"inside region"
833569.424143701,7996273.84598411,"extension buffer"
807435.954542189,7987514.0927038,"extension buffer"
839397.038442544,7943834.25050915,"extension buffer"
942068.206715555,8014439.39837371,"extension buffer"
930151.100752939,7968744.57067246,"extension buffer"
623937.096464204,7380567.71712471,"extension buffer"
541721.963407065,7592278.61470457,"inside region"
551143.470122928,7512710.20922584,"inside region"
163207.489346273,6650403.56680539,"inside region"
108262.665236763,6812945.99198371,"inside region"
64714.8187681882,6823838.50440651,"inside region"
857892.365807373,7669301.14392681,"inside region"
-25177.1189691884,7019419.47597831,"extension buffer"
37929.4981921024,6876751.04884636,"inside region"
756166.033402397,7653295.49608205,"inside region"
409446.64321013,7385606.48897484,"inside region"
351035.546959925,6903447.01025867,"inside region"
526223.395848096,7721685.96432515,"extension buffer"
669273.741640964,7807539.80477952,"extension buffer"
408944.317983482,6581381.86729818,"extension buffer"
-23932.522396578,6964561.01419132,"extension buffer"
-37230.2387785103,6699610.39186778,"inside region"
573196.147765669,7496872.22804852,"inside region"
68116.7435050667,6994745.91414366,"inside region"
998060.152069896,7948029.14886114,"extension buffer"
379871.510697662,7449824.09938565,"inside region"
347289.628698549,7436728.8466726,"extension buffer"
353324.3803447,7400586.88369943,"inside region"
1163067.54219013,7926545.82679871,"extension buffer"
805675.78068638,7943601.09536234,"extension buffer"
317929.020336666,7391382.10724737,"extension buffer"
282331.041140097,6578973.87531642,"inside region"
441725.83104485,6931019.28304389,"extension buffer"
173113.260809992,7185709.45896807,"extension buffer"
-92267.8488463268,6585113.60103351,"extension buffer"
-39915.8375667933,6755219.913776,"inside region"
307966.72592171,6841739.36683226,"inside region"
106786.567287753,6895360.1018689,"inside region"
84040.218728512,7072428.78122939,"extension buffer"
1166449.01532453,7729700.6388072,"extension buffer"
1150099.71521351,7783029.49798413,"extension buffer"
478570.254965213,7092903.31351129,"extension buffer"
466593.921090176,7067244.58211085,"extension buffer"
367363.186771202,6730245.29830266,"inside region"
818659.712623742,7575170.2528907,"extension buffer"
806379.235617352,7540862.8324246,"extension buffer"
-76046.7690994746,6505176.72773191,"extension buffer"
949970.479741268,7867303.43115562,"inside region"
999886.509269251,7885927.37561396,"inside region"
1116242.05966109,7906785.40669551,"extension buffer"
1148731.87268447,7949368.3689482,"extension buffer"
1031247.52659639,7829942.8516727,"inside region"
137759.328278353,6558179.6784636,"inside region"
332808.482883124,6638807.61078891,"inside region"
311325.378069171,7433973.14384315,"extension buffer"
511075.325326975,7046895.08535918,"extension buffer"
2538.29303967492,6917881.03097341,"inside region"
314113.190461608,6920432.11760868,"inside region"
695712.130089042,7637186.92038818,"inside region"
433822.098831297,7468049.98312924,"inside region"
401602.213396322,7148760.45634645,"inside region"
836337.198989043,7721592.46734072,"inside region"
524940.793273352,7071290.62773866,"extension buffer"
-105998.984549085,6549327.21040066,"extension buffer"
-151549.050259349,6726959.52362781,"extension buffer"
155679.513528901,6871360.19184713,"inside region"
308706.218674165,6762843.97088677,"inside region"
617646.101211701,7822119.36777258,"extension buffer"
448306.044015423,7521801.06371736,"inside region"
294894.132645619,6602088.82394703,"inside region"
548547.243040836,7538695.64938426,"inside region"
168122.774981155,6585370.52849701,"inside region"
490768.223382467,7179133.97805958,"extension buffer"
-110686.855709061,6863072.04603872,"extension buffer"
100666.290736557,6412673.76209955,"extension buffer"
451737.934285921,6699689.26154691,"extension buffer"
91174.888305781,6717239.12597134,"inside region"
186107.933266927,7152690.24493098,"extension buffer"
575743.481674803,7467047.82708241,"extension buffer"
1037393.46788135,7777505.82277353,"inside region"
1063875.75545555,7678996.66927932,"extension buffer"
1092249.23251128,7701079.85929599,"extension buffer"
555458.327372952,7280406.09540339,"extension buffer"
901936.117407374,7770609.84306249,"inside region"
553666.975116314,7228783.53675851,"extension buffer"
451526.83573281,7547463.68928133,"inside region"
458850.368342818,7332658.12560735,"inside region"
523930.701839318,7554138.65532293,"inside region"
210156.11159231,6986170.69105691,"inside region"
204161.141474338,7013240.48817287,"inside region"
157654.189675431,7007270.11477153,"inside region"
500252.122134982,7764817.18239611,"extension buffer"
-94558.6314956857,6788531.67348757,"extension buffer"
1126865.25776016,7771643.42204633,"extension buffer"
383767.154333327,6587463.49492736,"extension buffer"
224503.565627211,6470923.15441078,"extension buffer"
1011329.7424802,7741590.96641717,"inside region"
360696.823525525,7226580.34694942,"inside region"
566171.129747307,7421129.44842673,"extension buffer"
547076.586173272,7401432.09240023,"extension buffer"
591594.042730961,7415907.27422214,"extension buffer"
204767.470623695,7066482.79396035,"inside region"
-11683.2832603784,6844840.98140335,"inside region"
120809.688884614,6790170.99748184,"inside region"
504066.645491448,7596466.72543802,"inside region"
481300.265968465,7583823.23479665,"inside region"
325981.683847748,7295168.19856641,"inside region"
390508.474647218,7651413.07780748,"extension buffer"
458701.09054739,6861288.57771827,"extension buffer"
92626.6438779315,6947386.88224671,"inside region"
122789.47853313,6933966.97660523,"inside region"
75725.1800279983,6909903.62644824,"inside region"
630555.397218507,7608857.51533552,"inside region"
1197176.78305779,7810045.44078336,"extension buffer"
409650.597250871,7560401.5627657,"extension buffer"
76897.8499134952,6670263.92808239,"inside region"
57501.316592569,6718089.18896432,"inside region"
273157.483740191,6935187.68062338,"inside region"
278749.615708737,6987044.0305233,"inside region"
295813.364025325,6809606.92705,"inside region"
336934.141691703,6793876.47167365,"inside region"
710614.404219071,7810997.64998085,"inside region"
947191.394795716,7837111.34900614,"inside region"
948785.172797843,7786619.57097138,"inside region"
456238.343878375,7603899.07894209,"inside region"
458031.72296247,7630050.30577695,"extension buffer"
248776.579487552,7225002.65088371,"extension buffer"
355411.444833799,6468814.3026528,"extension buffer"
114535.219135221,6854510.97252134,"inside region"
967280.833048615,7586985.04333907,"extension buffer"
609084.175299676,7636222.67792694,"inside region"
576023.86390767,7368226.8427267,"extension buffer"
307768.893626087,7331553.48533859,"extension buffer"
374288.922804962,6610793.03602085,"extension buffer"
389031.829760124,6631817.91292361,"extension buffer"
840827.902522897,7624425.56541358,"extension buffer"
261622.415673856,6772029.7231864,"inside region"
560992.049622341,7446166.03989989,"inside region"
1012113.06769707,7804072.65754358,"inside region"
886079.963173341,7588780.32348091,"extension buffer"
900823.584211707,7803214.35747396,"inside region"
754899.208046668,7758900.10762795,"inside region"
712369.685967501,7776855.19874179,"inside region"
136006.689487691,6473852.87904613,"extension buffer"
933671.579210813,7603555.82600849,"extension buffer"
-122860.355403523,6690175.6629054,"extension buffer"
601124.902631876,7511848.26818551,"inside region"
620239.699365656,7495354.09340275,"extension buffer"
573337.446962153,7549499.03869627,"inside region"
936149.89976476,7917510.55549978,"inside region"
1143563.24890741,7595480.43730626,"extension buffer"
697807.19855981,7318036.21749814,"extension buffer"
986984.630307155,8094611.06052155,"extension buffer"
189390.136294801,6319613.39781285,"extension buffer"
544751.331071628,6705935.44427177,"extension buffer"
388634.734346859,6388264.20572073,"extension buffer"
-238352.523525527,6798210.48610363,"extension buffer"
1181051.70074546,8037349.61871012,"extension buffer"
1276546.82320704,7874082.09902653,"extension buffer"
-252007.081621538,6597091.89513278,"extension buffer"
288240.877682373,7672187.80771252,"extension buffer"
481098.340491852,6501519.30261395,"extension buffer"
999228.649882959,7498260.17807536,"extension buffer"
407839.371748399,7821119.46573151,"extension buffer"
596310.165365954,6997864.33151906,"extension buffer"
561475.546412408,7943912.64486344,"extension buffer"
140742.328194282,7362090.39680182,"extension buffer"
-138621.229135923,7057490.06263156,"extension buffer"
1267695.16391377,7693144.01148344,"extension buffer"
829084.966114557,8109458.22378751,"extension buffer"
-105148.067293059,6310479.09513599,"extension buffer"
-203131.81662633,6938644.67742695,"extension buffer"
818528.831895904,7453869.87871609,"extension buffer"
203452.85661533,7558487.80067813,"extension buffer"
52810.895165458,6235602.47756428,"extension buffer"
883.793604384584,7207981.95543273,"extension buffer"
666200.367631631,7145938.85275853,"extension buffer"
-247024.592153114,6424835.67553143,"extension buffer"
677139.850444114,8052821.32170394,"extension buffer"
515658.31566788,6598811.19421908,"extension buffer"
1254030.20324858,7964565.94884567,"extension buffer"
1093497.2807137,8098385.61142515,"extension buffer"
750319.307538085,7400691.80389474,"extension buffer"
350261.070597428,7754250.27895803,"extension buffer"
927885.677714908,7243268.01124303,"extension buffer"
537748.127333425,6920634.90754336,"extension buffer"
666447.628553071,7248106.89776798,"extension buffer"
473683.446604406,7873745.11393091,"extension buffer"
162318.587490218,7453301.54518163,"extension buffer"
1061152.71333295,7541488.26092861,"extension buffer"
1146809.61333177,7352818.04557796,"extension buffer"
103874.132469996,7279548.49443515,"extension buffer"
301630.42231658,8021509.97679626,"extension buffer"
-226449.219738066,6864138.0964677,"extension buffer"
-410257.64862238,6863286.53129386,"extension buffer"
246348.484177011,7607147.22668661,"extension buffer"
93629.2860355366,7698539.5612885,"extension buffer"
-79449.1683946912,7129481.30353483,"extension buffer"
-404845.541561621,7393565.66901923,"extension buffer"
295710.648642181,6322677.31843604,"extension buffer"
-68311.0502893102,7459700.11157884,"extension buffer"
750519.589733254,6820111.2734079,"extension buffer"
604471.184243173,6804789.56256386,"extension buffer"
1474073.89193875,7971279.60534333,"extension buffer"
-270689.443686927,7226354.83049005,"extension buffer"
249261.666130345,6088258.75889945,"extension buffer"
1202118.7107867,7629203.27547774,"extension buffer"
1390292.84400513,7501812.69049666,"extension buffer"
-472272.265617842,6599190.27928824,"extension buffer"
1244121.55015744,7488572.12217451,"extension buffer"
701320.890303631,6478076.09692711,"extension buffer"
517034.535878878,6653106.46800456,"extension buffer"
638904.865707302,6622852.34706072,"extension buffer"
703472.29976263,7371490.66458766,"extension buffer"
629469.505235085,7077179.21321577,"extension buffer"
829677.453719285,7014420.18053406,"extension buffer"
1269161.73459243,7822651.1506269,"extension buffer"
1411602.56159061,7828443.43859972,"extension buffer"
630299.969746911,7208322.25188395,"extension buffer"
894058.761377902,8098541.87971754,"extension buffer"
891021.524701387,8279283.66586456,"extension buffer"
630078.269476416,7987115.65726898,"extension buffer"
485784.732882275,8140172.40531393,"extension buffer"
-156970.107463439,6997645.93576076,"extension buffer"
-293679.059599642,7072297.47787579,"extension buffer"
332665.272408134,7703080.9454473,"extension buffer"
482474.560702845,6555814.57639943,"extension buffer"
529049.394677311,7894477.99043971,"extension buffer"
1261114.02056171,8245511.94801201,"extension buffer"
465303.156307198,6181018.42352715,"extension buffer"
897165.922574613,7454658.43343674,"extension buffer"
-171018.071677645,6391674.00522023,"extension buffer"
-286501.10828657,6230671.2580675,"extension buffer"
123295.868102487,6278579.24562729,"extension buffer"
-263822.240546927,6714670.97878522,"extension buffer"
156997.37961254,7294035.16798555,"extension buffer"
796905.903472789,7231599.52696425,"extension buffer"
2327.52095207878,6287810.5395261,"extension buffer"
-81564.5877711723,6156177.93599946,"extension buffer"
209839.94273725,7506270.28170372,"extension buffer"
273723.133823584,7878377.68688875,"extension buffer"
129565.787436271,5994480.82717763,"extension buffer"
86061.3138335166,7222041.23889554,"extension buffer"
263205.593731842,7755576.35054464,"extension buffer"
564824.792497383,6526562.16985654,"extension buffer"
575198.845057026,6339394.52044501,"extension buffer"
469657.883818466,7968787.36658238,"extension buffer"
1568174.42866073,7795557.28179462,"extension buffer"
659152.096424394,7307373.49761201,"extension buffer"
443030.589618566,6487649.64228957,"extension buffer"
495893.278421614,6401735.27431337,"extension buffer"
-206763.763548312,6819918.91560242,"extension buffer"
754071.175161635,7439624.95846067,"extension buffer"
963657.990530446,8071857.07487249,"extension buffer"
941427.131459264,8117981.26826709,"extension buffer"
1027253.05951243,8229199.29812073,"extension buffer"
884698.776073539,8188781.00421749,"extension buffer"
718948.234849368,8245832.95573835,"extension buffer"
1220536.92721594,7690272.70278585,"extension buffer"
472958.907197484,7829648.8642921,"extension buffer"
-222840.631702645,6621731.01703731,"extension buffer"
-275212.217809335,6654143.25891424,"extension buffer"
-396507.925524523,6708303.95730665,"extension buffer"
-362260.173401282,6585492.35151801,"extension buffer"
-440230.342030925,6407909.684074,"extension buffer"
1023077.83312653,7552052.35893701,"extension buffer"
1147386.17526624,7625991.55935692,"extension buffer"
1242859.72674656,7893251.80365189,"extension buffer"
297557.162755865,7632913.01952216,"extension buffer"
580874.030684719,7039115.41870742,"extension buffer"
1144747.90754409,8025321.66121991,"extension buffer"
191911.197407334,7414196.30341206,"extension buffer"
153479.452780242,6331966.27290497,"extension buffer"
1051424.52730029,8070108.786224,"extension buffer"
828718.946797841,7487481.61807317,"extension buffer"
735602.883266262,8038091.58134617,"extension buffer"
730587.203475632,8141570.24693284,"extension buffer"
-216814.144848385,6491839.75862378,"extension buffer"
514875.275473373,6952888.49646152,"extension buffer"
355939.138201169,6403274.45231207,"extension buffer"
349209.310218834,6345501.21803567,"extension buffer"
365308.748184262,6233652.80388291,"extension buffer"
439873.810097952,6301468.56570456,"extension buffer"
872.100270360048,7149418.43399066,"extension buffer"
-182840.974561989,6903267.17938169,"extension buffer"
215962.879548354,6203065.77269531,"extension buffer"
858981.339027452,7341182.01485862,"extension buffer"
248185.913978431,7565475.9363734,"extension buffer"
1319779.91835084,8103470.43085742,"extension buffer"
-318678.624727834,6933903.96271784,"extension buffer"
-461790.067225357,7024805.54981074,"extension buffer"
-82777.2198877684,7074931.79281188,"extension buffer"
507606.658178983,6688215.16866034,"extension buffer"
242699.995358143,6355664.67120254,"extension buffer"
1146440.16270434,8081015.51449967,"extension buffer"
1155211.93707594,8197119.50254271,"extension buffer"
1230534.80303263,8112122.4071416,"extension buffer"
136958.496382429,7523855.03145749,"extension buffer"
46868.8617084237,7451638.25046646,"extension buffer"
1144786.7263335,8360008.38932084,"extension buffer"
432314.053085542,7790497.2728431,"extension buffer"
994646.617201969,8165636.83542604,"extension buffer"
633925.505309401,7262691.33537674,"extension buffer"
378884.748911023,7732617.4177487,"extension buffer"
183162.020252652,7352055.89672849,"extension buffer"
-104685.475489226,7033595.17628082,"extension buffer"
1339845.37953109,7838747.21803085,"extension buffer"
1355900.94340446,7941872.64071001,"extension buffer"
1361875.58064377,7737152.90705108,"extension buffer"
615296.737161585,7154920.69066238,"extension buffer"
974375.061106839,6644105.69088462,"extension buffer"
377719.410876923,5919420.61584877,"extension buffer"
-202694.953998286,7693349.66027308,"extension buffer"
407747.841400008,8347301.41623114,"extension buffer"
-671404.236588164,6793997.68651154,"extension buffer"
1349649.39348846,7198939.87917951,"extension buffer"
1511261.15227174,7629290.228058,"extension buffer"
805018.85394145,6659067.17647401,"extension buffer"
983963.168802503,7083706.24859487,"extension buffer"
130053.560653854,8129465.0574302,"extension buffer"
42171.1068473061,7854984.95176157,"extension buffer"
560036.954109786,8286412.20143904,"extension buffer"
-220380.581497669,7387155.55584306,"extension buffer"
1088871.09213267,7204050.95266005,"extension buffer"
619179.301606368,6191561.051506,"extension buffer"
1300805.97475473,7345184.44046287,"extension buffer"
-224513.97152211,6082058.09645399,"extension buffer"
1576554.49964312,7420173.11037955,"extension buffer"
1477355.44496172,8131251.72209981,"extension buffer"
